STATUS;FROM;TO
OK;40;60
OK;0;20
OK;80;100
OK;20;40
OK;120;140
OK;200;220
OK;160;180
OK;140;160
OK;60;80
OK;100;120
OK;240;260
OK;180;200
OK;260;280
OK;280;300
OK;340;360
OK;220;240
OK;320;340
OK;300;320
OK;360;380
OK;380;400
OK;440;460
OK;420;440
OK;480;500
OK;400;420
OK;460;480
OK;500;520
OK;540;560
OK;560;580
OK;520;540
OK;620;640
OK;580;600
OK;600;620
OK;640;660
OK;660;680
OK;720;740
OK;680;700
OK;780;800
OK;760;780
OK;740;760
OK;700;720
OK;820;840
OK;840;860
OK;800;820
OK;900;920
OK;860;880
OK;880;900
OK;940;960
OK;980;1000
OK;960;980
OK;920;940
OK;5020;5040
OK;5040;5060
OK;5060;5080
OK;5000;5020
OK;5120;5140
OK;5100;5120
OK;5160;5180
OK;5080;5100
OK;5140;5160
OK;5200;5220
OK;5240;5260
OK;5220;5240
OK;5260;5280
OK;5280;5300
OK;5300;5320
OK;5340;5360
OK;5360;5380
OK;5180;5200
OK;5320;5340
OK;5400;5420
OK;5460;5480
OK;5480;5500
OK;5440;5460
OK;5380;5400
OK;5500;5520
OK;5420;5440
OK;5540;5560
OK;5560;5580
OK;5520;5540
OK;5580;5600
OK;5600;5620
OK;5620;5640
OK;5680;5700
OK;5660;5680
OK;5640;5660
OK;5740;5760
OK;5780;5800
OK;5820;5840
OK;5760;5780
OK;5720;5740
OK;5800;5820
OK;5840;5860
OK;5880;5900
OK;5860;5880
OK;5920;5940
OK;5900;5920
OK;5700;5720
OK;5960;5980
OK;5980;6000
OK;5940;5960
OK;1040;1060
OK;1000;1020
OK;1080;1100
OK;1020;1040
OK;1140;1160
OK;1120;1140
OK;1060;1080
OK;1100;1120
OK;1160;1180
OK;1180;1200
OK;1200;1220
OK;1220;1240
OK;1240;1260
OK;1320;1340
OK;1260;1280
OK;1300;1320
OK;1280;1300
OK;1380;1400
OK;1340;1360
OK;1400;1420
OK;1420;1440
OK;1440;1460
OK;1360;1380
OK;1480;1500
OK;1500;1520
OK;1520;1540
OK;1540;1560
OK;1460;1480
OK;1580;1600
OK;1600;1620
OK;1640;1660
OK;1620;1640
OK;1700;1720
OK;1660;1680
OK;1720;1740
OK;1560;1580
OK;1680;1700
OK;1760;1780
OK;1780;1800
OK;1840;1860
OK;1800;1820
OK;1860;1880
OK;1740;1760
OK;1900;1920
OK;1880;1900
OK;1820;1840
OK;1920;1940
OK;1980;2000
OK;1940;1960
OK;1960;1980
OK;6040;6060
OK;6000;6020
OK;6080;6100
OK;6020;6040
OK;6120;6140
OK;6140;6160
OK;6160;6180
OK;6180;6200
OK;6200;6220
OK;6220;6240
OK;6240;6260
OK;6260;6280
OK;6280;6300
OK;6060;6080
OK;6320;6340
OK;6340;6360
OK;6360;6380
OK;6380;6400
OK;6440;6460
OK;6400;6420
OK;6460;6480
OK;6480;6500
OK;6420;6440
OK;6300;6320
OK;6100;6120
OK;6540;6560
OK;6500;6520
OK;6560;6580
OK;6620;6640
OK;6580;6600
OK;6600;6620
OK;6680;6700
OK;6640;6660
OK;6520;6540
OK;6660;6680
OK;6700;6720
OK;6740;6760
OK;6780;6800
OK;6720;6740
OK;6800;6820
OK;6820;6840
OK;6840;6860
OK;6880;6900
OK;6860;6880
OK;6760;6780
OK;6920;6940
OK;6960;6980
OK;6940;6960
OK;6980;7000
OK;6900;6920
OK;2020;2040
OK;2040;2060
OK;2080;2100
OK;2100;2120
OK;2120;2140
OK;2140;2160
OK;2160;2180
OK;2180;2200
OK;2220;2240
OK;2240;2260
OK;2000;2020
OK;2260;2280
OK;2200;2220
OK;2060;2080
OK;2280;2300
OK;2300;2320
OK;2340;2360
OK;2400;2420
OK;2380;2400
OK;2320;2340
OK;2420;2440
OK;2440;2460
OK;2500;2520
OK;2360;2380
OK;2460;2480
OK;2480;2500
OK;2560;2580
OK;2600;2620
OK;2540;2560
OK;2640;2660
OK;2580;2600
OK;2660;2680
OK;2520;2540
OK;2680;2700
OK;2700;2720
OK;2720;2740
OK;2620;2640
OK;2760;2780
OK;2780;2800
OK;2820;2840
OK;2800;2820
OK;2740;2760
OK;2840;2860
OK;2880;2900
OK;2940;2960
OK;2860;2880
OK;2960;2980
OK;2920;2940
OK;2980;3000
OK;2900;2920
OK;7020;7040
OK;7000;7020
OK;7060;7080
OK;7100;7120
OK;7080;7100
OK;7120;7140
OK;7040;7060
OK;7180;7200
OK;7160;7180
OK;7140;7160
OK;7220;7240
OK;7240;7260
OK;7200;7220
OK;7260;7280
OK;7280;7300
OK;7300;7320
OK;7320;7340
OK;7340;7360
OK;7360;7380
OK;7400;7420
OK;7380;7400
OK;7420;7440
OK;7440;7460
OK;7460;7480
OK;7500;7520
OK;7540;7560
OK;7480;7500
OK;7520;7540
OK;7560;7580
OK;7580;7600
OK;7600;7620
OK;7620;7640
OK;7640;7660
OK;7660;7680
OK;7680;7700
OK;7700;7720
OK;7720;7740
OK;7740;7760
OK;7760;7780
OK;7780;7800
OK;7800;7820
OK;7840;7860
OK;7820;7840
OK;7860;7880
OK;7900;7920
OK;7880;7900
OK;7920;7940
OK;7940;7960
OK;7960;7980
OK;7980;8000
OK;3000;3020
OK;3040;3060
OK;3020;3040
OK;3060;3080
OK;3100;3120
OK;3140;3160
OK;3080;3100
OK;3180;3200
OK;3200;3220
OK;3160;3180
OK;3240;3260
OK;3120;3140
OK;3280;3300
OK;3260;3280
OK;3300;3320
OK;3320;3340
OK;3220;3240
OK;3360;3380
OK;3380;3400
OK;3340;3360
OK;3420;3440
OK;3440;3460
OK;3400;3420
OK;3500;3520
OK;3480;3500
OK;3520;3540
OK;3560;3580
OK;3460;3480
OK;3540;3560
OK;3600;3620
OK;3620;3640
OK;3580;3600
OK;3660;3680
OK;3700;3720
OK;3680;3700
OK;3720;3740
OK;3740;3760
OK;3640;3660
OK;3760;3780
OK;3800;3820
OK;3820;3840
OK;3840;3860
OK;3860;3880
OK;3880;3900
OK;3920;3940
OK;3900;3920
OK;3780;3800
OK;3940;3960
OK;3980;4000
OK;3960;3980
OK;8040;8060
OK;8000;8020
OK;8020;8040
OK;8120;8140
OK;8100;8120
OK;8080;8100
OK;8200;8220
OK;8220;8240
OK;8180;8200
OK;8160;8180
OK;8260;8280
OK;8240;8260
OK;8300;8320
OK;8060;8080
OK;8280;8300
OK;8140;8160
OK;8320;8340
OK;8360;8380
OK;8420;8440
OK;8440;8460
OK;8460;8480
OK;8380;8400
OK;8500;8520
OK;8520;8540
OK;8540;8560
OK;8560;8580
OK;8640;8660
OK;8580;8600
OK;8600;8620
OK;8620;8640
OK;8660;8680
OK;8700;8720
OK;8680;8700
OK;8480;8500
OK;8780;8800
OK;8740;8760
OK;8800;8820
OK;8840;8860
OK;8860;8880
OK;8880;8900
OK;8760;8780
OK;8920;8940
OK;8900;8920
OK;8960;8980
OK;8940;8960
OK;8980;9000
OK;8820;8840
OK;8720;8740
OK;8340;8360
OK;8400;8420
OK;4040;4060
OK;4020;4040
OK;4000;4020
OK;4060;4080
OK;4080;4100
OK;4100;4120
OK;4120;4140
OK;4160;4180
OK;4220;4240
OK;4200;4220
OK;4140;4160
OK;4180;4200
OK;4260;4280
OK;4240;4260
OK;4280;4300
OK;4300;4320
OK;4360;4380
OK;4320;4340
OK;4380;4400
OK;4340;4360
OK;4420;4440
OK;4400;4420
OK;4460;4480
OK;4480;4500
OK;4500;4520
OK;4520;4540
OK;4560;4580
OK;4580;4600
OK;4540;4560
OK;4660;4680
OK;4600;4620
OK;4440;4460
OK;4620;4640
OK;4700;4720
OK;4640;4660
OK;4720;4740
OK;4740;4760
OK;4760;4780
OK;4680;4700
OK;4800;4820
OK;4820;4840
OK;4780;4800
OK;4860;4880
OK;4920;4940
OK;4900;4920
OK;4940;4960
OK;4960;4980
OK;4840;4860
OK;4880;4900
OK;4980;5000
OK;9000;9020
OK;9060;9080
OK;9080;9100
OK;9100;9120
OK;9140;9160
OK;9120;9140
OK;9160;9180
OK;9200;9220
OK;9220;9240
OK;9260;9280
OK;9280;9300
OK;9240;9260
OK;9300;9320
OK;9040;9060
OK;9020;9040
OK;9180;9200
OK;9360;9380
OK;9320;9340
OK;9340;9360
OK;9440;9460
OK;9380;9400
OK;9500;9520
OK;9460;9480
OK;9540;9560
OK;9520;9540
OK;9420;9440
OK;9580;9600
OK;9560;9580
OK;9600;9620
OK;9620;9640
OK;9400;9420
OK;9640;9660
OK;9680;9700
OK;9480;9500
OK;9700;9720
OK;9660;9680
OK;9720;9740
OK;9780;9800
OK;9760;9780
OK;9840;9860
OK;9800;9820
OK;9860;9880
OK;9900;9920
OK;9920;9940
OK;9820;9840
OK;9940;9960
OK;9960;9980
OK;9880;9900
OK;9740;9760
OK;9980;10000
OK;10020;10040
OK;10040;10060
OK;10100;10120
OK;10000;10020
OK;10080;10100
OK;10060;10080
OK;10140;10160
OK;10180;10200
OK;10160;10180
OK;10240;10260
OK;10120;10140
OK;10260;10280
OK;10200;10220
OK;10280;10300
OK;10220;10240
OK;10340;10360
OK;10320;10340
OK;10360;10380
OK;10380;10400
OK;10400;10420
OK;10420;10440
OK;10300;10320
OK;10500;10520
OK;10440;10460
OK;10480;10500
OK;10540;10560
OK;10560;10580
OK;10580;10600
OK;10460;10480
OK;10520;10540
OK;10600;10620
OK;10620;10640
OK;10640;10660
OK;10700;10720
OK;10680;10700
OK;10720;10740
OK;10660;10680
OK;10740;10760
OK;10820;10840
OK;10780;10800
OK;10840;10860
OK;10760;10780
OK;10860;10880
OK;10920;10940
OK;10880;10900
OK;10900;10920
OK;10940;10960
OK;10800;10820
OK;10980;11000
OK;10960;10980
OK;15000;15020
OK;15020;15040
OK;15100;15120
OK;15040;15060
OK;15080;15100
OK;15120;15140
OK;15060;15080
OK;15140;15160
OK;15160;15180
OK;15180;15200
OK;15200;15220
OK;15220;15240
OK;15240;15260
OK;15260;15280
OK;15280;15300
OK;15320;15340
OK;15300;15320
OK;15360;15380
OK;15340;15360
OK;15380;15400
OK;15420;15440
OK;15400;15420
OK;15440;15460
OK;15460;15480
OK;15480;15500
OK;15500;15520
OK;15520;15540
OK;15540;15560
OK;15560;15580
OK;15580;15600
OK;15600;15620
OK;15680;15700
OK;15640;15660
OK;15620;15640
OK;15700;15720
OK;15720;15740
OK;15660;15680
OK;15780;15800
OK;15740;15760
OK;15760;15780
OK;15800;15820
OK;15820;15840
OK;15840;15860
OK;15860;15880
OK;15880;15900
OK;15900;15920
OK;15940;15960
OK;15920;15940
OK;15960;15980
OK;15980;16000
OK;11020;11040
OK;11060;11080
OK;11080;11100
OK;11040;11060
OK;11100;11120
OK;11120;11140
OK;11140;11160
OK;11000;11020
OK;11180;11200
OK;11160;11180
OK;11220;11240
KO;11200;11220
OK;11300;11320
OK;11240;11260
OK;11260;11280
OK;11280;11300
OK;11360;11380
OK;11340;11360
OK;11320;11340
OK;11440;11460
OK;11420;11440
OK;11380;11400
OK;11460;11480
OK;11480;11500
OK;11540;11560
OK;11500;11520
OK;11560;11580
OK;11600;11620
OK;11520;11540
OK;11580;11600
OK;11620;11640
OK;11400;11420
OK;11660;11680
OK;11640;11660
OK;11720;11740
OK;11700;11720
OK;11740;11760
OK;11780;11800
OK;11680;11700
OK;11760;11780
OK;11820;11840
OK;11800;11820
OK;11880;11900
OK;11860;11880
OK;11840;11860
OK;11940;11960
OK;11980;12000
OK;11900;11920
OK;11920;11940
OK;11960;11980
OK;16000;16020
OK;16040;16060
OK;16020;16040
OK;16060;16080
OK;16080;16100
OK;16100;16120
OK;16120;16140
OK;16160;16180
OK;16200;16220
KO;16140;16160
OK;16180;16200
OK;16240;16260
OK;16220;16240
OK;16260;16280
OK;16320;16340
OK;16300;16320
KO;16280;16300
OK;16360;16380
OK;16340;16360
KO;16380;16400
OK;16460;16480
OK;16400;16420
OK;16480;16500
OK;16420;16440
OK;16440;16460
OK;16500;16520
KO;16520;16540
OK;16580;16600
OK;16560;16580
OK;16600;16620
OK;16540;16560
OK;16660;16680
OK;16620;16640
OK;16640;16660
OK;16720;16740
OK;16680;16700
OK;16700;16720
OK;16760;16780
OK;16740;16760
OK;16800;16820
OK;16820;16840
OK;16780;16800
OK;16840;16860
OK;16860;16880
OK;16880;16900
OK;16960;16980
OK;16900;16920
OK;16980;17000
OK;16940;16960
OK;16920;16940
OK;17040;17060
OK;17000;17020
OK;17060;17080
OK;17100;17120
OK;17080;17100
OK;17160;17180
OK;17120;17140
OK;17020;17040
OK;17200;17220
OK;17240;17260
OK;17260;17280
OK;17180;17200
OK;17220;17240
OK;17140;17160
OK;17320;17340
OK;17280;17300
OK;17360;17380
OK;17340;17360
OK;17380;17400
OK;17400;17420
OK;17420;17440
OK;17440;17460
OK;17460;17480
OK;17480;17500
OK;17300;17320
OK;17520;17540
OK;17500;17520
OK;17560;17580
OK;17600;17620
OK;17540;17560
OK;17580;17600
OK;17620;17640
OK;17640;17660
OK;17660;17680
OK;17680;17700
OK;17740;17760
OK;17760;17780
OK;17720;17740
OK;17860;17880
OK;17800;17820
OK;17780;17800
OK;17700;17720
OK;17820;17840
OK;17840;17860
OK;17900;17920
OK;17940;17960
OK;17960;17980
OK;17920;17940
OK;17980;18000
OK;17880;17900
OK;12000;12020
OK;12020;12040
OK;12040;12060
OK;12080;12100
OK;12060;12080
OK;12140;12160
OK;12120;12140
OK;12100;12120
OK;12200;12220
OK;12180;12200
OK;12220;12240
OK;12160;12180
OK;12260;12280
OK;12320;12340
OK;12300;12320
OK;12280;12300
OK;12240;12260
OK;12340;12360
OK;12380;12400
OK;12420;12440
OK;12440;12460
OK;12460;12480
OK;12400;12420
OK;12540;12560
OK;12500;12520
OK;12520;12540
OK;12360;12380
OK;12600;12620
OK;12560;12580
OK;12480;12500
OK;12620;12640
OK;12660;12680
OK;12640;12660
OK;12700;12720
OK;12680;12700
OK;12580;12600
OK;12720;12740
OK;12740;12760
OK;12760;12780
OK;12840;12860
OK;12820;12840
OK;12780;12800
OK;12860;12880
OK;12900;12920
OK;12800;12820
OK;12920;12940
OK;12880;12900
OK;12980;13000
OK;12960;12980
OK;12940;12960
OK;18000;18020
OK;18020;18040
OK;18060;18080
OK;18120;18140
OK;18040;18060
OK;18080;18100
OK;18100;18120
OK;18140;18160
OK;18160;18180
OK;18220;18240
OK;18200;18220
OK;18180;18200
OK;18280;18300
OK;18260;18280
OK;18300;18320
OK;18340;18360
OK;18360;18380
OK;18240;18260
OK;18400;18420
OK;18480;18500
OK;18460;18480
OK;18440;18460
OK;18500;18520
OK;18520;18540
OK;18420;18440
OK;18580;18600
OK;18560;18580
OK;18540;18560
OK;18640;18660
OK;18620;18640
OK;18660;18680
OK;18680;18700
OK;18700;18720
OK;18380;18400
OK;18600;18620
OK;18740;18760
OK;18720;18740
OK;18320;18340
OK;18800;18820
OK;18820;18840
OK;18760;18780
OK;18860;18880
OK;18880;18900
OK;18780;18800
OK;18900;18920
OK;18840;18860
OK;18960;18980
OK;18940;18960
OK;18920;18940
OK;18980;19000
OK;13000;13020
OK;13040;13060
OK;13020;13040
OK;13080;13100
OK;13140;13160
OK;13060;13080
OK;13100;13120
OK;13120;13140
OK;13160;13180
OK;13200;13220
OK;13240;13260
OK;13180;13200
OK;13300;13320
OK;13280;13300
OK;13220;13240
OK;13260;13280
OK;13340;13360
OK;13320;13340
OK;13400;13420
OK;13380;13400
OK;13440;13460
OK;13420;13440
OK;13480;13500
OK;13360;13380
OK;13500;13520
OK;13460;13480
OK;13520;13540
OK;13540;13560
OK;13600;13620
OK;13580;13600
OK;13640;13660
OK;13660;13680
OK;13620;13640
OK;13560;13580
OK;13680;13700
OK;13700;13720
OK;13760;13780
OK;13720;13740
OK;13740;13760
OK;13800;13820
OK;13780;13800
OK;13860;13880
OK;13900;13920
OK;13820;13840
OK;13940;13960
OK;13840;13860
OK;13880;13900
OK;13920;13940
OK;13980;14000
OK;13960;13980
OK;19020;19040
OK;19000;19020
OK;19080;19100
OK;19120;19140
OK;19040;19060
OK;19060;19080
OK;19140;19160
OK;19180;19200
OK;19100;19120
OK;19220;19240
OK;19160;19180
OK;19280;19300
OK;19240;19260
OK;19260;19280
OK;19200;19220
OK;19300;19320
OK;19340;19360
OK;19380;19400
OK;19320;19340
OK;19360;19380
OK;19400;19420
OK;19440;19460
OK;19420;19440
OK;19460;19480
OK;19540;19560
OK;19480;19500
OK;19520;19540
OK;19560;19580
OK;19580;19600
OK;19620;19640
OK;19600;19620
OK;19500;19520
OK;19660;19680
OK;19680;19700
OK;19720;19740
OK;19640;19660
OK;19700;19720
OK;19780;19800
OK;19760;19780
OK;19840;19860
OK;19740;19760
OK;19880;19900
OK;19860;19880
OK;19900;19920
OK;19820;19840
OK;19940;19960
OK;19920;19940
OK;19800;19820
OK;19960;19980
OK;19980;20000
OK;14000;14020
OK;14060;14080
OK;14080;14100
OK;14020;14040
OK;14140;14160
OK;14040;14060
OK;14120;14140
OK;14100;14120
OK;14220;14240
OK;14160;14180
OK;14180;14200
OK;14260;14280
OK;14200;14220
OK;14280;14300
OK;14300;14320
OK;14320;14340
OK;14340;14360
OK;14360;14380
OK;14240;14260
OK;14400;14420
OK;14420;14440
OK;14440;14460
OK;14460;14480
OK;14480;14500
OK;14380;14400
OK;14500;14520
OK;14580;14600
OK;14520;14540
OK;14560;14580
OK;14600;14620
OK;14640;14660
OK;14540;14560
OK;14660;14680
OK;14700;14720
OK;14760;14780
OK;14620;14640
OK;14720;14740
OK;14680;14700
OK;14740;14760
OK;14840;14860
OK;14820;14840
OK;14780;14800
OK;14880;14900
OK;14860;14880
OK;14800;14820
OK;14900;14920
OK;14920;14940
OK;14960;14980
OK;14980;15000
OK;14940;14960
OK;20040;20060
OK;20020;20040
OK;20120;20140
OK;20060;20080
OK;20080;20100
OK;20100;20120
OK;20000;20020
OK;20160;20180
OK;20220;20240
OK;20200;20220
OK;20180;20200
OK;20240;20260
OK;20320;20340
OK;20280;20300
OK;20140;20160
OK;20260;20280
OK;20300;20320
OK;20380;20400
OK;20400;20420
OK;20340;20360
OK;20440;20460
OK;20420;20440
OK;20500;20520
OK;20360;20380
OK;20460;20480
OK;20540;20560
OK;20480;20500
OK;20580;20600
OK;20520;20540
OK;20560;20580
OK;20600;20620
OK;20640;20660
OK;20620;20640
OK;20720;20740
OK;20660;20680
OK;20740;20760
OK;20700;20720
OK;20760;20780
OK;20680;20700
OK;20800;20820
OK;20820;20840
OK;20840;20860
OK;20880;20900
OK;20860;20880
OK;20920;20940
OK;20900;20920
OK;20780;20800
OK;20960;20980
OK;20940;20960
OK;20980;21000
OK;25000;25020
OK;25060;25080
OK;25020;25040
OK;25080;25100
OK;25040;25060
OK;25100;25120
OK;25180;25200
OK;25120;25140
OK;25160;25180
OK;25140;25160
OK;25240;25260
OK;25260;25280
OK;25220;25240
OK;25200;25220
OK;25280;25300
OK;25300;25320
OK;25320;25340
OK;25380;25400
OK;25340;25360
OK;25360;25380
OK;25420;25440
OK;25460;25480
OK;25440;25460
OK;25500;25520
OK;25480;25500
OK;25540;25560
OK;25400;25420
OK;25520;25540
OK;25580;25600
OK;25560;25580
OK;25620;25640
OK;25600;25620
OK;25640;25660
OK;25680;25700
OK;25700;25720
OK;25660;25680
OK;25720;25740
OK;25740;25760
OK;25780;25800
OK;25800;25820
OK;25760;25780
OK;25840;25860
OK;25860;25880
OK;25820;25840
OK;25880;25900
OK;25920;25940
OK;25940;25960
OK;25900;25920
OK;25960;25980
OK;25980;26000
OK;26000;26020
OK;26040;26060
OK;26020;26040
OK;26100;26120
OK;26060;26080
OK;26160;26180
OK;26080;26100
OK;26120;26140
OK;26180;26200
OK;26140;26160
OK;26200;26220
OK;26240;26260
OK;26300;26320
OK;26260;26280
OK;26280;26300
OK;26220;26240
OK;26360;26380
OK;26320;26340
OK;26380;26400
OK;26340;26360
OK;26400;26420
OK;26440;26460
OK;26420;26440
OK;26500;26520
OK;26460;26480
OK;26520;26540
OK;26480;26500
OK;26540;26560
OK;26560;26580
OK;26580;26600
OK;26620;26640
OK;26600;26620
OK;26640;26660
OK;26680;26700
OK;26700;26720
OK;26720;26740
OK;26740;26760
OK;26760;26780
OK;26660;26680
OK;26780;26800
OK;26800;26820
OK;26820;26840
OK;26840;26860
OK;26860;26880
OK;26880;26900
OK;26900;26920
OK;26920;26940
OK;26940;26960
OK;26960;26980
OK;26980;27000
OK;27060;27080
OK;27040;27060
OK;27080;27100
OK;27020;27040
OK;27160;27180
OK;27000;27020
OK;27120;27140
OK;27220;27240
OK;27100;27120
OK;27140;27160
OK;27200;27220
OK;27260;27280
OK;27180;27200
OK;27240;27260
OK;27300;27320
OK;27280;27300
OK;27320;27340
OK;27360;27380
OK;27340;27360
OK;27400;27420
OK;27440;27460
OK;27420;27440
OK;27480;27500
OK;27380;27400
OK;27460;27480
OK;27500;27520
OK;27520;27540
OK;27540;27560
OK;27600;27620
OK;27580;27600
OK;27620;27640
OK;27640;27660
OK;27560;27580
OK;27660;27680
OK;27680;27700
OK;27700;27720
OK;27720;27740
OK;27740;27760
OK;27760;27780
OK;27780;27800
OK;27820;27840
OK;27800;27820
OK;27840;27860
OK;27860;27880
OK;27900;27920
OK;27920;27940
OK;27880;27900
OK;27980;28000
OK;27940;27960
OK;27960;27980
OK;21040;21060
OK;21080;21100
OK;21020;21040
OK;21000;21020
OK;21060;21080
OK;21140;21160
OK;21120;21140
OK;21160;21180
OK;21200;21220
OK;21100;21120
OK;21260;21280
OK;21220;21240
OK;21240;21260
OK;21280;21300
OK;21300;21320
OK;21180;21200
OK;21360;21380
OK;21320;21340
OK;21340;21360
OK;21380;21400
OK;21400;21420
OK;21420;21440
OK;21480;21500
OK;21440;21460
OK;21500;21520
OK;21560;21580
OK;21520;21540
OK;21460;21480
OK;21580;21600
OK;21540;21560
OK;21600;21620
OK;21620;21640
OK;21640;21660
OK;21660;21680
OK;21720;21740
OK;21700;21720
OK;21740;21760
OK;21680;21700
OK;21780;21800
OK;21760;21780
OK;21800;21820
OK;21880;21900
OK;21820;21840
OK;21860;21880
OK;21920;21940
OK;21900;21920
OK;21980;22000
OK;21940;21960
OK;21960;21980
OK;21840;21860
OK;22020;22040
OK;22080;22100
OK;22100;22120
OK;22120;22140
OK;22180;22200
OK;22160;22180
OK;22140;22160
OK;22200;22220
OK;22240;22260
OK;22220;22240
OK;22280;22300
OK;22300;22320
OK;22260;22280
OK;22360;22380
OK;22340;22360
OK;22400;22420
OK;22320;22340
OK;22420;22440
OK;22380;22400
OK;22440;22460
OK;22460;22480
OK;22520;22540
OK;22480;22500
OK;22500;22520
OK;22560;22580
OK;22540;22560
OK;22640;22660
OK;22580;22600
OK;22600;22620
OK;22660;22680
OK;22620;22640
OK;22680;22700
OK;22700;22720
OK;22720;22740
OK;22060;22080
OK;22800;22820
OK;22040;22060
OK;22000;22020
OK;22780;22800
OK;22820;22840
OK;22840;22860
OK;22880;22900
OK;22760;22780
OK;22940;22960
OK;22920;22940
OK;22960;22980
OK;22980;23000
OK;22900;22920
OK;22860;22880
OK;22740;22760
OK;28000;28020
OK;28020;28040
OK;28060;28080
OK;28120;28140
OK;28040;28060
OK;28140;28160
OK;28100;28120
OK;28160;28180
OK;28080;28100
OK;28180;28200
OK;28200;28220
OK;28220;28240
OK;28300;28320
OK;28260;28280
OK;28240;28260
OK;28320;28340
OK;28360;28380
OK;28340;28360
OK;28280;28300
OK;28400;28420
OK;28460;28480
OK;28480;28500
OK;28440;28460
OK;28520;28540
OK;28500;28520
OK;28380;28400
OK;28540;28560
OK;28420;28440
OK;28580;28600
OK;28560;28580
OK;28600;28620
OK;28620;28640
OK;28640;28660
OK;28680;28700
OK;28660;28680
OK;28700;28720
OK;28740;28760
OK;28760;28780
OK;28780;28800
OK;28840;28860
OK;28820;28840
OK;28720;28740
OK;28860;28880
OK;28880;28900
OK;28900;28920
OK;28920;28940
OK;28980;29000
OK;28960;28980
OK;28940;28960
OK;28800;28820
OK;23020;23040
OK;23060;23080
OK;23080;23100
OK;23000;23020
OK;23040;23060
OK;23140;23160
OK;23160;23180
OK;23120;23140
OK;23100;23120
OK;23220;23240
OK;23260;23280
OK;23240;23260
OK;23200;23220
OK;23300;23320
OK;23280;23300
OK;23180;23200
OK;23360;23380
OK;23400;23420
OK;23340;23360
OK;23440;23460
OK;23380;23400
OK;23480;23500
OK;23320;23340
OK;23420;23440
OK;23460;23480
OK;23540;23560
OK;23500;23520
OK;23580;23600
OK;23560;23580
OK;23520;23540
OK;23640;23660
OK;23700;23720
OK;23620;23640
OK;23600;23620
OK;23660;23680
OK;23740;23760
OK;23720;23740
OK;23680;23700
OK;23760;23780
OK;23840;23860
OK;23800;23820
OK;23780;23800
OK;23820;23840
OK;23860;23880
OK;23920;23940
OK;23940;23960
OK;23900;23920
OK;23980;24000
OK;23960;23980
OK;23880;23900
OK;29040;29060
OK;29000;29020
OK;29060;29080
OK;29080;29100
OK;29100;29120
OK;29020;29040
OK;29140;29160
OK;29160;29180
OK;29120;29140
OK;29200;29220
OK;29180;29200
OK;29240;29260
OK;29220;29240
OK;29280;29300
OK;29340;29360
OK;29320;29340
OK;29360;29380
OK;29260;29280
OK;29300;29320
OK;29400;29420
OK;29380;29400
OK;29460;29480
OK;29440;29460
OK;29480;29500
OK;29520;29540
OK;29500;29520
OK;29540;29560
OK;29580;29600
OK;29560;29580
OK;29420;29440
OK;29600;29620
OK;29620;29640
OK;29660;29680
OK;29680;29700
OK;29720;29740
OK;29740;29760
OK;29640;29660
OK;29800;29820
OK;29760;29780
OK;29840;29860
OK;29780;29800
OK;29700;29720
OK;29860;29880
OK;29900;29920
OK;29880;29900
OK;29920;29940
OK;29960;29980
OK;29820;29840
OK;29940;29960
OK;29980;30000
OK;24000;24020
OK;24020;24040
OK;24080;24100
OK;24040;24060
OK;24140;24160
OK;24060;24080
OK;24160;24180
OK;24100;24120
OK;24200;24220
OK;24120;24140
OK;24240;24260
OK;24220;24240
OK;24280;24300
OK;24260;24280
OK;24180;24200
OK;24320;24340
OK;24300;24320
OK;24360;24380
OK;24340;24360
OK;24440;24460
OK;24400;24420
OK;24460;24480
OK;24380;24400
OK;24420;24440
OK;24520;24540
OK;24480;24500
OK;24500;24520
OK;24580;24600
OK;24540;24560
OK;24560;24580
OK;24600;24620
OK;24660;24680
OK;24640;24660
OK;24620;24640
OK;24700;24720
OK;24720;24740
OK;24740;24760
OK;24780;24800
OK;24760;24780
OK;24800;24820
OK;24820;24840
OK;24840;24860
OK;24680;24700
OK;24880;24900
OK;24900;24920
OK;24920;24940
OK;24860;24880
OK;24960;24980
OK;24940;24960
OK;24980;25000
OK;30000;30020
OK;30060;30080
OK;30020;30040
OK;30040;30060
OK;30120;30140
OK;30080;30100
OK;30140;30160
OK;30100;30120
OK;30200;30220
OK;30220;30240
OK;30280;30300
OK;30180;30200
OK;30160;30180
OK;30260;30280
OK;30340;30360
OK;30240;30260
OK;30300;30320
OK;30360;30380
OK;30400;30420
OK;30320;30340
OK;30380;30400
OK;30420;30440
OK;30460;30480
OK;30480;30500
OK;30440;30460
OK;30560;30580
OK;30500;30520
OK;30520;30540
OK;30540;30560
OK;30580;30600
OK;30620;30640
OK;30600;30620
OK;30640;30660
OK;30700;30720
OK;30780;30800
OK;30680;30700
OK;30760;30780
OK;30820;30840
OK;30660;30680
OK;30880;30900
OK;30860;30880
OK;30900;30920
OK;30940;30960
OK;30800;30820
OK;30960;30980
OK;30840;30860
OK;30920;30940
OK;30980;31000
OK;30740;30760
OK;30720;30740
OK;35000;35020
OK;35020;35040
OK;35060;35080
OK;35080;35100
OK;35100;35120
OK;35040;35060
OK;35120;35140
OK;35140;35160
OK;35160;35180
OK;35180;35200
OK;35220;35240
OK;35200;35220
OK;35280;35300
OK;35260;35280
OK;35300;35320
OK;35320;35340
OK;35340;35360
OK;35240;35260
OK;35400;35420
OK;35380;35400
OK;35440;35460
OK;35460;35480
OK;35420;35440
OK;35360;35380
OK;35540;35560
OK;35520;35540
OK;35500;35520
OK;35580;35600
OK;35480;35500
OK;35560;35580
OK;35620;35640
OK;35640;35660
OK;35660;35680
OK;35600;35620
OK;35700;35720
OK;35680;35700
OK;35720;35740
OK;35760;35780
OK;35740;35760
OK;35780;35800
OK;35820;35840
OK;35800;35820
OK;35860;35880
OK;35840;35860
OK;35920;35940
OK;35940;35960
OK;35880;35900
OK;35980;36000
OK;35960;35980
OK;35900;35920
OK;36020;36040
OK;36000;36020
OK;36040;36060
OK;36100;36120
OK;36080;36100
OK;36160;36180
OK;36140;36160
OK;36060;36080
OK;36120;36140
OK;36200;36220
OK;36220;36240
OK;36240;36260
OK;36180;36200
OK;36300;36320
OK;36320;36340
OK;36280;36300
OK;36340;36360
OK;36360;36380
OK;36380;36400
OK;36260;36280
OK;36420;36440
OK;36440;36460
OK;36460;36480
OK;36480;36500
OK;36520;36540
OK;36400;36420
OK;36540;36560
OK;36560;36580
OK;36500;36520
OK;36620;36640
OK;36600;36620
OK;36580;36600
OK;36660;36680
OK;36640;36660
OK;36700;36720
OK;36680;36700
OK;36780;36800
OK;36740;36760
OK;36760;36780
OK;36720;36740
OK;36800;36820
OK;36820;36840
OK;36840;36860
OK;36860;36880
OK;36900;36920
OK;36880;36900
OK;36940;36960
OK;36960;36980
OK;36980;37000
OK;36920;36940
OK;31000;31020
OK;31080;31100
OK;31020;31040
OK;31060;31080
OK;31040;31060
OK;31120;31140
OK;31100;31120
OK;31180;31200
OK;31160;31180
OK;31220;31240
OK;31200;31220
OK;31240;31260
OK;31140;31160
OK;31260;31280
OK;31280;31300
OK;31340;31360
OK;31320;31340
OK;31360;31380
OK;31380;31400
OK;31400;31420
OK;31440;31460
OK;31300;31320
OK;31420;31440
OK;31460;31480
OK;31480;31500
OK;31500;31520
OK;31520;31540
OK;31580;31600
OK;31540;31560
OK;31600;31620
OK;31560;31580
OK;31620;31640
OK;31680;31700
OK;31660;31680
OK;31640;31660
OK;31740;31760
OK;31760;31780
OK;31700;31720
OK;31780;31800
OK;31800;31820
OK;31720;31740
OK;31840;31860
OK;31880;31900
OK;31860;31880
OK;31900;31920
OK;31960;31980
OK;31920;31940
OK;31820;31840
OK;31940;31960
OK;31980;32000
OK;37000;37020
OK;37020;37040
OK;37060;37080
OK;37040;37060
OK;37080;37100
OK;37100;37120
OK;37120;37140
OK;37140;37160
OK;37200;37220
OK;37160;37180
OK;37180;37200
OK;37220;37240
OK;37260;37280
OK;37300;37320
OK;37320;37340
OK;37240;37260
OK;37360;37380
OK;37340;37360
OK;37380;37400
OK;37280;37300
OK;37420;37440
OK;37400;37420
OK;37480;37500
OK;37460;37480
OK;37440;37460
OK;37500;37520
OK;37580;37600
OK;37540;37560
OK;37520;37540
OK;37620;37640
OK;37560;37580
OK;37600;37620
OK;37660;37680
OK;37680;37700
OK;37740;37760
OK;37640;37660
OK;37700;37720
OK;37720;37740
OK;37800;37820
OK;37780;37800
OK;37760;37780
OK;37820;37840
OK;37900;37920
OK;37840;37860
OK;37940;37960
OK;37960;37980
OK;37920;37940
OK;37880;37900
OK;37980;38000
OK;37860;37880
OK;32060;32080
OK;32040;32060
OK;32020;32040
OK;32080;32100
OK;32100;32120
OK;32160;32180
OK;32120;32140
OK;32000;32020
OK;32200;32220
OK;32140;32160
OK;32180;32200
OK;32220;32240
OK;32260;32280
OK;32280;32300
OK;32300;32320
OK;32320;32340
OK;32360;32380
OK;32240;32260
OK;32340;32360
OK;32440;32460
OK;32380;32400
OK;32400;32420
OK;32420;32440
OK;32500;32520
OK;32480;32500
OK;32460;32480
OK;32600;32620
OK;32540;32560
OK;32560;32580
OK;32620;32640
OK;32640;32660
OK;32520;32540
OK;32680;32700
OK;32580;32600
OK;32700;32720
OK;32660;32680
OK;32720;32740
OK;32760;32780
OK;32860;32880
OK;32800;32820
OK;32740;32760
OK;32880;32900
OK;32780;32800
OK;32940;32960
OK;32900;32920
OK;32840;32860
OK;32820;32840
OK;32920;32940
OK;32960;32980
OK;32980;33000
OK;38040;38060
OK;38060;38080
OK;38080;38100
OK;38100;38120
OK;38000;38020
OK;38140;38160
OK;38120;38140
OK;38220;38240
OK;38160;38180
OK;38020;38040
OK;38260;38280
OK;38200;38220
OK;38180;38200
OK;38280;38300
OK;38240;38260
OK;38300;38320
OK;38360;38380
OK;38380;38400
OK;38320;38340
OK;38340;38360
OK;38420;38440
OK;38440;38460
OK;38460;38480
OK;38400;38420
OK;38480;38500
OK;38540;38560
OK;38500;38520
OK;38600;38620
OK;38580;38600
OK;38560;38580
OK;38620;38640
OK;38520;38540
OK;38660;38680
OK;38640;38660
OK;38700;38720
OK;38680;38700
OK;38760;38780
OK;38780;38800
OK;38740;38760
OK;38720;38740
OK;38800;38820
OK;38840;38860
OK;38820;38840
OK;38900;38920
OK;38940;38960
OK;38860;38880
OK;38960;38980
OK;38980;39000
OK;38920;38940
OK;38880;38900
OK;33060;33080
OK;33040;33060
OK;33020;33040
OK;33000;33020
OK;33120;33140
OK;33080;33100
OK;33160;33180
OK;33100;33120
OK;33200;33220
OK;33140;33160
OK;33180;33200
OK;33220;33240
OK;33260;33280
OK;33300;33320
OK;33360;33380
OK;33240;33260
OK;33340;33360
OK;33380;33400
OK;33400;33420
OK;33460;33480
OK;33280;33300
OK;33320;33340
OK;33440;33460
OK;33500;33520
OK;33420;33440
OK;33560;33580
OK;33480;33500
OK;33520;33540
OK;33540;33560
OK;33580;33600
OK;33620;33640
OK;33600;33620
OK;33640;33660
OK;33700;33720
OK;33680;33700
OK;33660;33680
OK;33760;33780
OK;33720;33740
OK;33780;33800
OK;33820;33840
OK;33800;33820
OK;33840;33860
OK;33880;33900
OK;33740;33760
OK;33920;33940
OK;33900;33920
OK;33940;33960
OK;33860;33880
OK;33960;33980
OK;33980;34000
OK;39060;39080
OK;39080;39100
OK;39000;39020
OK;39020;39040
OK;39040;39060
OK;39120;39140
OK;39140;39160
OK;39200;39220
OK;39220;39240
OK;39180;39200
OK;39240;39260
OK;39160;39180
OK;39100;39120
OK;39300;39320
OK;39280;39300
OK;39260;39280
OK;39340;39360
OK;39360;39380
OK;39320;39340
OK;39380;39400
OK;39400;39420
OK;39420;39440
OK;39500;39520
OK;39460;39480
OK;39440;39460
OK;39520;39540
OK;39560;39580
OK;39580;39600
OK;39480;39500
OK;39540;39560
OK;39600;39620
OK;39680;39700
OK;39620;39640
OK;39660;39680
OK;39700;39720
OK;39740;39760
OK;39760;39780
OK;39720;39740
OK;39800;39820
OK;39820;39840
OK;39780;39800
OK;39640;39660
OK;39900;39920
OK;39840;39860
OK;39960;39980
OK;39940;39960
OK;39880;39900
OK;39980;40000
OK;39860;39880
OK;39920;39940
OK;34000;34020
OK;34060;34080
OK;34040;34060
OK;34100;34120
OK;34080;34100
OK;34120;34140
OK;34020;34040
OK;34140;34160
OK;34160;34180
OK;34240;34260
OK;34180;34200
OK;34220;34240
OK;34200;34220
OK;34260;34280
OK;34320;34340
OK;34300;34320
OK;34360;34380
OK;34280;34300
OK;34440;34460
OK;34420;34440
OK;34340;34360
OK;34380;34400
OK;34400;34420
OK;34460;34480
OK;34480;34500
OK;34500;34520
OK;34560;34580
OK;34520;34540
OK;34540;34560
OK;34580;34600
OK;34600;34620
OK;34680;34700
OK;34620;34640
OK;34700;34720
OK;34660;34680
OK;34640;34660
OK;34740;34760
OK;34720;34740
OK;34780;34800
OK;34800;34820
OK;34760;34780
OK;34840;34860
OK;34820;34840
OK;34860;34880
OK;34920;34940
OK;34880;34900
OK;34960;34980
OK;34900;34920
OK;34980;35000
OK;34940;34960
OK;45020;45040
OK;45060;45080
OK;45000;45020
OK;45100;45120
OK;45080;45100
OK;45160;45180
OK;45040;45060
OK;45200;45220
OK;45220;45240
OK;45180;45200
OK;45260;45280
OK;45240;45260
OK;45140;45160
OK;45300;45320
OK;45360;45380
OK;45120;45140
OK;45320;45340
OK;45380;45400
OK;45340;45360
OK;45420;45440
OK;45440;45460
OK;45280;45300
OK;45480;45500
OK;45460;45480
OK;45520;45540
OK;45500;45520
OK;45540;45560
OK;45580;45600
OK;45400;45420
OK;45620;45640
OK;45600;45620
OK;45660;45680
OK;45640;45660
OK;45720;45740
OK;45560;45580
OK;45760;45780
OK;45700;45720
OK;45780;45800
OK;45680;45700
OK;45740;45760
OK;45820;45840
OK;45800;45820
OK;45860;45880
OK;45900;45920
OK;45920;45940
OK;45880;45900
OK;45960;45980
OK;45840;45860
OK;45940;45960
OK;45980;46000
OK;40060;40080
OK;40020;40040
OK;40080;40100
OK;40040;40060
OK;40120;40140
OK;40000;40020
OK;40140;40160
OK;40100;40120
OK;40180;40200
OK;40200;40220
OK;40220;40240
OK;40160;40180
OK;40240;40260
OK;40300;40320
OK;40280;40300
OK;40340;40360
OK;40320;40340
OK;40380;40400
OK;40400;40420
OK;40420;40440
OK;40360;40380
OK;40480;40500
OK;40440;40460
OK;40460;40480
OK;40500;40520
OK;40260;40280
OK;40520;40540
OK;40540;40560
OK;40580;40600
OK;40600;40620
OK;40560;40580
OK;40660;40680
OK;40680;40700
OK;40640;40660
OK;40720;40740
OK;40700;40720
OK;40760;40780
OK;40740;40760
OK;40800;40820
OK;40780;40800
OK;40840;40860
OK;40820;40840
OK;40880;40900
OK;40860;40880
OK;40900;40920
OK;40620;40640
OK;40940;40960
OK;40920;40940
OK;40980;41000
OK;40960;40980
OK;46000;46020
OK;46020;46040
OK;46040;46060
OK;46100;46120
OK;46060;46080
OK;46120;46140
OK;46080;46100
OK;46140;46160
OK;46180;46200
OK;46160;46180
OK;46240;46260
OK;46220;46240
OK;46260;46280
OK;46280;46300
OK;46300;46320
OK;46200;46220
OK;46340;46360
OK;46320;46340
OK;46380;46400
OK;46400;46420
OK;46440;46460
OK;46360;46380
OK;46420;46440
OK;46460;46480
OK;46480;46500
OK;46500;46520
OK;46520;46540
OK;46560;46580
OK;46540;46560
OK;46640;46660
OK;46620;46640
OK;46600;46620
OK;46580;46600
OK;46660;46680
OK;46680;46700
OK;46700;46720
OK;46740;46760
OK;46720;46740
OK;46800;46820
OK;46780;46800
OK;46760;46780
OK;46820;46840
OK;46880;46900
OK;46840;46860
OK;46900;46920
OK;46920;46940
OK;46980;47000
OK;46940;46960
OK;46860;46880
OK;46960;46980
OK;41040;41060
OK;41060;41080
OK;41000;41020
OK;41080;41100
OK;41100;41120
OK;41160;41180
OK;41180;41200
OK;41020;41040
OK;41140;41160
OK;41200;41220
OK;41120;41140
OK;41260;41280
OK;41280;41300
OK;41220;41240
OK;41240;41260
OK;41300;41320
OK;41380;41400
OK;41360;41380
OK;41320;41340
OK;41440;41460
OK;41400;41420
OK;41420;41440
OK;41340;41360
OK;41500;41520
OK;41480;41500
OK;41540;41560
OK;41520;41540
OK;41580;41600
OK;41560;41580
OK;41600;41620
OK;41460;41480
OK;41660;41680
OK;41620;41640
OK;41680;41700
OK;41640;41660
OK;41700;41720
OK;41740;41760
OK;41760;41780
OK;41720;41740
OK;41780;41800
OK;41820;41840
OK;41840;41860
OK;41880;41900
OK;41800;41820
OK;41940;41960
OK;41900;41920
OK;41960;41980
OK;41920;41940
OK;41860;41880
OK;41980;42000
OK;47020;47040
OK;47000;47020
OK;47040;47060
OK;47060;47080
OK;47100;47120
OK;47120;47140
OK;47080;47100
OK;47140;47160
OK;47160;47180
OK;47220;47240
OK;47200;47220
OK;47180;47200
OK;47240;47260
OK;47280;47300
OK;47260;47280
OK;47340;47360
OK;47300;47320
OK;47380;47400
OK;47320;47340
OK;47360;47380
OK;47460;47480
OK;47420;47440
OK;47400;47420
OK;47500;47520
OK;47440;47460
OK;47540;47560
OK;47520;47540
OK;47480;47500
OK;47580;47600
OK;47620;47640
OK;47560;47580
OK;47660;47680
OK;47600;47620
OK;47680;47700
OK;47700;47720
OK;47720;47740
OK;47740;47760
OK;47640;47660
OK;47760;47780
OK;47780;47800
OK;47820;47840
OK;47860;47880
OK;47840;47860
OK;47800;47820
OK;47920;47940
OK;47900;47920
OK;47960;47980
OK;47940;47960
OK;47880;47900
OK;47980;48000
OK;42000;42020
OK;42020;42040
OK;42100;42120
OK;42080;42100
OK;42040;42060
OK;42120;42140
OK;42060;42080
OK;42180;42200
OK;42160;42180
OK;42140;42160
OK;42240;42260
OK;42300;42320
OK;42260;42280
OK;42280;42300
OK;42360;42380
OK;42340;42360
OK;42320;42340
OK;42380;42400
OK;42400;42420
OK;42460;42480
OK;42480;42500
OK;42440;42460
OK;42500;42520
OK;42520;42540
OK;42420;42440
OK;42540;42560
OK;42200;42220
OK;42220;42240
OK;42620;42640
OK;42580;42600
OK;42660;42680
OK;42640;42660
OK;42680;42700
OK;42720;42740
OK;42700;42720
OK;42740;42760
OK;42760;42780
OK;42820;42840
OK;42800;42820
OK;42560;42580
OK;42600;42620
OK;42840;42860
OK;42780;42800
OK;42860;42880
OK;42900;42920
OK;42920;42940
OK;42880;42900
OK;42980;43000
OK;42960;42980
OK;42940;42960
OK;48020;48040
OK;48000;48020
OK;48100;48120
OK;48060;48080
OK;48180;48200
OK;48040;48060
OK;48160;48180
OK;48120;48140
OK;48140;48160
OK;48080;48100
OK;48220;48240
OK;48240;48260
OK;48260;48280
OK;48200;48220
OK;48300;48320
OK;48280;48300
OK;48340;48360
OK;48360;48380
OK;48320;48340
OK;48380;48400
OK;48420;48440
OK;48440;48460
OK;48480;48500
OK;48500;48520
OK;48460;48480
OK;48400;48420
OK;48560;48580
OK;48540;48560
OK;48580;48600
OK;48520;48540
OK;48620;48640
OK;48640;48660
OK;48680;48700
OK;48660;48680
OK;48600;48620
OK;48740;48760
OK;48720;48740
OK;48800;48820
OK;48820;48840
OK;48700;48720
OK;48840;48860
OK;48760;48780
OK;48780;48800
OK;48860;48880
OK;48880;48900
OK;48900;48920
OK;48980;49000
OK;48960;48980
OK;48940;48960
OK;48920;48940
OK;43020;43040
OK;43040;43060
OK;43000;43020
OK;43080;43100
OK;43060;43080
OK;43100;43120
OK;43200;43220
OK;43140;43160
OK;43160;43180
OK;43120;43140
OK;43180;43200
OK;43240;43260
OK;43260;43280
KO;43220;43240
OK;43300;43320
OK;43280;43300
OK;43360;43380
OK;43320;43340
OK;43380;43400
OK;43400;43420
OK;43420;43440
OK;43340;43360
OK;43520;43540
OK;43460;43480
OK;43440;43460
OK;43540;43560
OK;43480;43500
OK;43500;43520
OK;43600;43620
OK;43560;43580
OK;43640;43660
OK;43620;43640
OK;43580;43600
OK;43740;43760
OK;43660;43680
OK;43700;43720
OK;43780;43800
OK;43760;43780
OK;43720;43740
OK;43840;43860
OK;43820;43840
OK;43860;43880
OK;43900;43920
OK;43940;43960
OK;43920;43940
OK;43960;43980
OK;43880;43900
OK;43800;43820
OK;43980;44000
OK;43680;43700
OK;49020;49040
OK;49000;49020
OK;49060;49080
OK;49080;49100
OK;49100;49120
OK;49040;49060
OK;49180;49200
OK;49160;49180
OK;49140;49160
OK;49200;49220
OK;49120;49140
OK;49240;49260
OK;49220;49240
OK;49300;49320
OK;49280;49300
OK;49340;49360
OK;49260;49280
OK;49320;49340
OK;49440;49460
OK;49380;49400
OK;49400;49420
OK;49460;49480
OK;49540;49560
OK;49520;49540
OK;49560;49580
OK;49480;49500
OK;49580;49600
OK;49500;49520
OK;49600;49620
OK;49360;49380
OK;49640;49660
OK;49420;49440
OK;49660;49680
OK;49620;49640
OK;49700;49720
OK;49680;49700
OK;49760;49780
OK;49720;49740
OK;49780;49800
OK;49740;49760
OK;49840;49860
OK;49820;49840
OK;49800;49820
OK;49880;49900
OK;49900;49920
OK;49940;49960
OK;49960;49980
OK;49920;49940
OK;49980;50000
OK;49860;49880
OK;44000;44020
OK;44080;44100
OK;44020;44040
OK;44100;44120
OK;44060;44080
OK;44160;44180
OK;44040;44060
OK;44120;44140
OK;44220;44240
OK;44180;44200
OK;44240;44260
OK;44280;44300
OK;44320;44340
OK;44300;44320
OK;44260;44280
OK;44380;44400
OK;44340;44360
OK;44360;44380
OK;44420;44440
OK;44400;44420
OK;44460;44480
OK;44440;44460
OK;44480;44500
OK;44520;44540
OK;44500;44520
OK;44560;44580
OK;44580;44600
OK;44540;44560
OK;44640;44660
OK;44600;44620
OK;44680;44700
OK;44620;44640
OK;44660;44680
OK;44700;44720
OK;44760;44780
OK;44780;44800
OK;44800;44820
OK;44740;44760
OK;44200;44220
OK;44860;44880
OK;44140;44160
OK;44880;44900
OK;44720;44740
OK;44820;44840
OK;44900;44920
OK;44940;44960
OK;44840;44860
OK;44920;44940
OK;44980;45000
OK;44960;44980
